OBJECTID,Zip Code,Rank,Neighborhood,% Change in IRS Ratio,% Change in Median Household Size,Change in % White Non Hispanic,"Change in % >=25 with Bachelor's Degrees",% Change in Rent (Inflation Adjusted),Index Score,High to Low AGI Ratio (2000),High to Low AGI Ratio (2014),Median Household Income (2014),Median Household Size (2000),Median Household Size (2013),% White Non-Hispanic (2000),% White Non-Hispanic (2014),"% >=25 w Bachelor's Degree (2000)","% >=25 w Bachelor's Degree (2014)",Median Gross Rent (2000 - Inflation Adjusted),Median Gross Rent 2014,% Change in Median Gross Rent,Median Household Income (2000 - Inflation Adjusted),% Change in Median Houshold Income (Inflation Adjusted),Population (2000),Population (2014),Population Change (2000-2014),Evaluated,Zip,Retail Bldgs 2000,New Retail Bldgs 2000-14,Total Retail Bldgs 2014,Ret Inv 2000 (SF),Ret Inv 2014 (SF),% Change in Retail Bldgs 2000-14,% Change in Retail SF 2000-14,% Chg in Avg Retail Bldg SF 2000-14,Change in Total Acres 2000-14,Input_#3_Zip,New MF Projects 2000-14,MF Projects Sold at Least Once between 2000-14," % of New MF Projects Sold at Least Once 2000-14",New MF SF 2000-14,New MF Acres 2000-14,New MF Units 2000-14,New Studios 2000-14,New 1 BR 2000-14,New 2 BR 2000-14,New 3 BR 2000-14,New 4 BR 2000-14,% Studio,% 1BR,% 2BR,% 3BR,% 4BR,Input_#4_Zip,Bldgs Sold Demo 00-14,MF SF Sold Demo 00-14,MF Total Acres Sold Demo 00-14,MF Sold Demo Average Age,Input_#5_Zip,RET Prop Sold Demoed 01-14,RET SF Sold Demoed 01-14,RET Avg Age Sold Demoed 01-14,RET Acres Sold Demoed 01-14,Input_#6_Zip,2014_Median_HomePrice
1,90001,37,Florence,-47.007,-2.759,-0.086,1.561,24.858,0.389560915,24.339,12.898,34050,4.35,4.23,0.78,0.69,2.41,3.97,781,975,0.248399487836108,33279.05739,2.31659989935,54481,56314,3.4,Yes,90001,259,19,278,1347052,1497516,7.33590733590734e-002,0.111698731749034,3.57193220251792e-002,0.137598486522003,90001,3,2,0.666666666666667,57780,1.2649,46,0,5,14,27,0,0,0.108695652173913,0.304347826086957,0.58695652173913,0,90001,11,65653,3.8364,94.1818181818182,90001,2,3143,36,1.0386,90001,248958.333333333
2,90002,57,Watts/Green Meadows,-44.965,1.683,0.346,1.309,25.733,0.359524514,27.413,15.087,30214,4.16,4.23,0.47,0.81,3,4.31,770,968,0.257142857142857,31443.73944,-3.91091982665,44584,50098,12.4,Yes,90002,67,5,72,338627,353235,7.46268656716418e-002,4.31389109551217e-002,-2.93012911945395e-002,2.76622055053907e-002,90002,4,3,0.75,205360,2.4951,174,0,39,82,52,1,0,0.224137931034483,0.471264367816092,0.298850574712644,5.74712643678161e-003,,,,,,90002,6,39111,72.6666666666667,1.4631,90002,237333.333333333
3,90003,33,Florence/Broadway-Manchester,-41.524,3,-0.182,2.798,35.303,0.402007903,31.808,18.6,30016,4,4.12,0.68,0.49,3.3,6.09,786,1064,0.353689567430025,30720.61042,-2.29360813593,58187,66913,15,Yes,90003,426,14,440,1635439,1728064,3.28638497652582e-002,5.66361692487461e-002,2.30159274999223e-002,5.47983855857763e-002,90003,16,1,0.0625,367908,4.1484,235,14,11,42,54,93,6.54205607476635e-002,5.14018691588785e-002,0.196261682242991,0.252336448598131,0.434579439252336,90003,2,31200,0.388,63,90003,5,45526,72.6,2.3245,90003,271954.583333333
4,90004,15,East Hollywood/Larchmont/Windsor Square,-32.379,-6.873,3.06,11.296,29.716,0.483,2.338,1.581,38493,2.91,2.71,14.3,17.36,22.3,33.59,825,1070,0.296969696969697,37931.27907,1.48089108454,67850,63547,-6.3,Yes,90004,221,5,226,1478335,1631773,2.26244343891403e-002,0.103791089299787,7.9370932456871e-002,2.75667422228378e-002,90004,22,5,0.227272727272727,563662,5.2223,461,0,112,125,16,0,0,0.442687747035573,0.494071146245059,6.32411067193676e-002,0,90004,13,440269,6.8533,66.3076923076923,90004,3,20474,90.6666666666667,1.0935,90004,853666.25
5,90005,20,Koreatown/Mid-Wilshire,-41.123,-8.214,0.934,7.12,24.864,0.46,4.074,2.399,31214,2.8,2.57,7.56,8.49,19.03,26.15,752,939,0.248670212765957,30242.19046,3.21342311922,43014,38638,-10.2,Yes,90005,107,5,112,924611,1063075,4.67289719626168e-002,0.149753788349911,9.84254942271474e-002,5.67912034785511e-002,90005,24,4,0.166666666666667,2152331,10.1619,1545,202,520,278,56,40,0.184306569343066,0.474452554744526,0.253649635036496,5.10948905109489e-002,3.64963503649635e-002,90005,32,223137,7.0523,82.96875,90005,4,114268,66.25,2.6023,90005,550625
6,90006,18,Pico Union/Harvard Heights,-59.321,-5.74,0.556,5.77,29.007,0.466,19.18,7.802,31403,3.31,3.12,2.83,3.38,9.03,14.8,729,940,0.289437585733882,28310.63861,10.9229658596,62765,61419,-2.1,Yes,90006,287,14,301,2880631,3162516,4.87804878048781e-002,9.78552962875148e-002,4.67922592508863e-002,4.93290645041501e-002,90006,22,4,0.181818181818182,1084592,16.2827,893,4,263,267,116,0,6.15384615384615e-003,0.404615384615385,0.410769230769231,0.178461538461538,0,90006,29,212444,8.7029,75.1538461538462,90006,9,44402,88.7777777777778,3.2395,90006,485083.333333333
7,90007,32,University Park/Adams-Normandie/Exposition Park,-53.86,5.863,1.152,5.755,39.818,0.402986298,12.396,5.719,22646,3.07,3.25,16.1,17.25,15.76,21.51,742,1038,0.398921832884097,24256.44188,-6.63923376712,45021,43779,-2.8,Yes,90007,158,6,164,1321633,1347444,3.79746835443038e-002,1.95296273625129e-002,-1.77702370531886e-002,1.92618593956438e-002,90007,21,5,0.238095238095238,2247239,23.7734,1937,153,424,875,387,55,8.07814149947202e-002,0.223864836325238,0.461985216473073,0.204329461457233,2.9039070749736e-002,90007,3,23426,0.3573,99.5,90007,5,19556,57.2,2.335,90007,512062.5
8,90008,102,Baldwin Hills/Crenshaw/Leimert Park,-11.265,3.947,0.023,2.135,20.49,0.251250463,1.7,1.508,36180,2.28,2.37,2.01,2.03,24.92,27.05,857,1032,0.204200700116686,41891.99144,-13.6350439396,30840,33012,7,Yes,90008,120,8,128,1707501,1762598,6.66666666666667e-002,3.22676238549787e-002,-3.22491026359574e-002,5.28444163172854e-002,90008,2,0,0,130351,4.06,70,5,35,30,0,0,7.14285714285714e-002,0.5,0.428571428571429,0,0,90008,9,242953,6.2692,62,90008,5,57072,55,1.5471,90008,490416.666666667
9,90010,22,Koreatown,14.734,-12.376,-24.633,9.41,101.817,0.437,0.392,0.449,47308,2.02,1.77,40.19,15.56,38.49,47.9,811,1637,1.01849568434032,44106.74591,7.25796932862,1943,3792,95.2,Yes,90010,21,4,25,268039,431190,0.19047619047619,0.608683810937961,0.351294401187887,0.360176827255232,90010,4,1,0.25,1066573,6.6112,1049,153,606,281,0,0,0.147115384615385,0.582692307692308,0.270192307692308,0,0,,,,,,,,,,,90010,717145.833333333
10,90011,41,Historic South Central/Central Alameda/South Park,-59.591,-1.72,-0.426,0.455,30.377,0.38698668,37.713,15.239,29889,4.65,4.57,0.89,0.46,2.78,3.24,762,993,0.303149606299213,32789.63927,-8.84620671217,101214,102926,1.7,Yes,90011,329,12,341,1389195,1522183,3.64741641337386e-002,9.57302610504645e-002,5.71708383742019e-002,0.122994723147116,90011,13,2,0.153846153846154,470121,6.2992,474,49,170,93,53,9,0.131016042780749,0.454545454545455,0.248663101604278,0.141711229946524,2.40641711229947e-002,90011,3,30863,1.7152,98.3333333333333,90011,4,37389,101.5,3.706,90011,282953.666666667
11,90012,7,Chinatown/Arts District,-48.23,-4.741,3.89,14.298,43.928,0.548,2.572,1.331,29492,2.32,2.21,12.54,16.43,12.92,27.22,775,1116,0.44,27704.36504,6.45253900394,30577,30029,-1.8,Yes,90012,177,3,180,2232081,2286655,1.69491525423729e-002,2.44498295536766e-002,7.37566572778194e-003,3.95925559100187e-002,90012,23,7,0.304347826086957,4149979,33.3963,3786,505,1326,1255,122,37,0.155624036979969,0.408628659476117,0.386748844375963,3.75963020030817e-002,1.1402157164869e-002,90012,2,12088,1.0796,95,90012,2,21217,54,2.016,90012,447291.666666667
12,90013,2,Downtown/Arts District,-37.339,-1.55,5.306,19.56,74.469,0.68,1.625,1.019,21120,1.29,1.27,20.81,26.12,14.37,33.93,393,686,0.745547073791349,12173.58835,73.49034149,9727,10575,8.7,Yes,90013,133,8,141,2318020,2425753,6.01503759398496e-002,4.64763030517424e-002,-1.28982389653777e-002,9.78234659559617e-002,90013,9,1,0.111111111111111,2163776,32.0928,1712,410,507,315,0,0,0.332792207792208,0.411525974025974,0.255681818181818,0,0,,,,,,90013,4,30717,98.25,0.5051,90013,580291.666666667
13,90014,1,Downtown,-58.747,7.317,26.815,29.511,108.064,0.814,1.978,0.816,17134,1.23,1.32,15.34,42.15,8.71,38.22,296,615,1.0777027027027,11868.38941,44.3666820164,3518,6659,89.3,Yes,90014,94,5,99,2418321,2561040,5.31914893617021e-002,5.90157386054209e-002,5.53009524151067e-003,7.37949911905361e-002,90014,9,2,0.222222222222222,1515164,7.1583,1307,490,333,285,52,0,0.422413793103448,0.287068965517241,0.245689655172414,4.48275862068966e-002,0,,,,,,90014,2,1102000,63.5,3.2779,90014,402375
14,90015,4,Downtown/Pico Union,-72.601,-16.892,5.964,13.476,46.151,0.649,5.086,1.393,28953,2.96,2.46,5.6,11.56,10.92,24.4,593,866,0.460370994940978,25478.61241,13.6364866897,15134,18226,20.4,Yes,90015,374,24,398,4991745,6615948,6.41711229946524e-002,0.325377798745729,0.245455519424379,0.301779381271563,90015,15,7,0.466666666666667,3250019,14.3353,2356,430,980,500,72,8,0.21608040201005,0.492462311557789,0.251256281407035,3.61809045226131e-002,4.02010050251256e-003,90015,1,19602,0.179,110,90015,7,118507,85.7142857142857,2.1372,90015,598208.333333333
15,90016,30,West Adams/Mid-City/Baldwin Hills,-45.588,-3.158,1.752,6.073,25.786,0.41,4.033,2.195,38050,2.85,2.76,3.11,4.86,12.75,18.82,863,1086,0.258400926998841,39976.93683,-4.8201212569,46968,47786,1.7,Yes,90016,209,8,217,1426691,1542279,3.82775119617225e-002,8.10182443149918e-002,4.11650371513055e-002,0.108855754488026,90016,7,1,0.142857142857143,145615,2.1415,118,0,55,18,24,6,0,0.533980582524272,0.174757281553398,0.233009708737864,5.8252427184466e-002,90016,5,32705,0.848,59.8,90016,13,88815,76.0769230769231,4.6007,90016,425370
16,90017,3,Westlake/Downtown,-55.714,-18.627,8.944,18.207,59.384,0.661,3.744,1.658,21009,3.06,2.49,3.49,12.44,3.98,22.19,532,848,0.593984962406015,20411.21019,2.92873281121,20689,23719,14.6,Yes,90017,61,7,68,1651758,1854726,0.114754098360656,0.122879986051225,7.28939925183451e-003,1.35944060990972,90017,22,3,0.136363636363636,3163772,24.6372,3426,592,1416,1039,228,133,0.173708920187793,0.415492957746479,0.304870892018779,6.69014084507042e-002,3.90258215962441e-002,90017,7,73931,1.6049,111.571428571429,90017,2,23048,98,0.722,90017,525604.166666667
17,90018,35,Jefferson Park/Adams-Normandie/Exposition Park,-44.713,1.316,1.766,4.009,24.933,0.394230138,7.223,3.993,32104,3.04,3.08,2.6,4.37,10.19,14.2,774,967,0.249354005167959,32715.40169,-1.8688497112,47127,48852,3.7,Yes,90018,171,3,174,1081492,1087753,1.75438596491228e-002,5.78922451576156e-003,-1.15519690103722e-002,2.81845128449623e-003,90018,5,0,0,136345,1.5085,121,0,45,37,22,5,0,0.412844036697248,0.339449541284404,0.201834862385321,4.58715596330275e-002,90018,2,9704,0.3444,107,90018,3,9957,87,1.329,90018,398708.333333333
18,90019,21,Mid-Wilshire/Mid-City/Arlington Heights,-40.641,-3.226,5.563,9.109,28.594,0.441,2.312,1.372,43244,2.79,2.7,8.72,14.28,21.25,30.36,883,1135,0.285390713476784,43306.62977,-0.144619358127,67510,67606,0.1,Yes,90019,308,12,320,1789522,2154839,3.8961038961039e-002,0.204142223454084,0.158986890074556,0.134987918407103,90019,5,0,0,135967,1.4812,97,0,19,19,33,0,0,0.267605633802817,0.267605633802817,0.464788732394366,0,90019,2,26920,0.4304,96,90019,1,2641,,,90019,786250
19,90020,16,Koreatown/Windsor Square/Hancock Park,-36.953,-3.213,1.557,7.97,30.439,0.472,3.283,2.07,37121,2.49,2.41,9.77,11.33,29.47,37.44,858,1119,0.304195804195804,33280.43216,11.5400179347,42383,39102,-7.7,Yes,90020,114,4,118,1266864,1575602,3.50877192982456e-002,0.243702560022228,0.201543151207915,0.123210420113888,90020,12,3,0.25,683938,4.1523,449,4,105,80,42,0,1.73160173160173e-002,0.454545454545455,0.346320346320346,0.181818181818182,0,90020,12,125756,3.162,81.0833333333333,90020,2,35741,58.5,1.7966,90020,499479.166666667
20,90021,80,Downtown,-47.336,-13.529,2.552,2.806,-1.732,0.318654143,2.025,1.067,12748,1.7,1.47,15.54,18.09,14.44,17.25,415,408,-1.68674698795181e-002,17944.87281,-28.960209777,3003,2913,-3,Yes,90021,97,26,123,754068,1685848,0.268041237113402,1.23567105353894,0.763090180433146,0.512541336824979,90021,1,0,0,89780,0.318,88,0,88,0,0,0,0,1,0,0,0,,,,,,90021,2,6050,63.5,0.2983,,
21,90023,26,Boyle Heights,-48.878,-5.239,1.002,2.859,15.228,0.428,14.941,7.638,37082,4.39,4.16,1.36,2.36,3.64,6.5,833,960,0.152460984393757,36959.31668,0.331941526577,47468,45886,-3.3,Yes,90023,193,6,199,1041068,1074738,3.10880829015544e-002,3.2341787472096e-002,1.21590443273617e-003,4.40489301778133e-002,90023,7,0,0,424625,8.148,376,0,145,101,84,0,0,0.439393939393939,0.306060606060606,0.254545454545455,0,,,,,,90023,4,10956,84.75,1.2781,90023,311181.083333333
22,90024,106,Westwood,6.639,9.137,-5.184,5.384,14.487,0.22227881,0.121,0.129,59125,1.97,2.15,61.29,56.1,66.22,71.61,1626,1862,0.145141451414514,65401.93321,-9.59747350257,44141,50117,13.5,Yes,90024,118,4,122,1418409,1483112,3.38983050847458e-002,4.56166028275342e-002,1.13340912594183e-002,4.67970287043994e-002,90024,21,2,9.52380952380952e-002,2925687,47.2029,2444,615,296,1225,121,7,0.271643109540636,0.130742049469965,0.541077738515901,5.34452296819788e-002,3.09187279151943e-003,90024,5,79233,1.4467,69.2,90024,1,8367,66,0.286,90024,867838.541666667
23,90025,48,Sawtelle/West LA/Century City,-16.215,7.368,-5.114,9.811,22.166,0.376216783,0.247,0.207,71278,1.9,2.04,58.93,53.82,55.51,65.32,1317,1609,0.22171602126044,65722.25462,8.45337003747,41170,45284,10,Yes,90025,232,9,241,1984758,2095462,3.87931034482759e-002,5.57770771046143e-002,1.63497173787159e-002,3.02243042408618e-002,90025,66,11,0.166666666666667,1822323,17.5223,1131,48,55,407,199,7,6.70391061452514e-002,7.68156424581006e-002,0.568435754189944,0.277932960893855,9.77653631284916e-003,90025,22,209932,5.8321,60.6190476190476,90025,15,200969,50.8,10.6174,90025,721818.166666667
24,90026,5,Silver Lake/Echo Park/Westlake,-47.505,-9.459,9.165,13.883,36.727,0.587,2.548,1.338,46435,2.96,2.68,14.1,23.26,20.95,34.83,800,1094,0.3675,39388.53527,17.889633828,73671,67986,-7.7,Yes,90026,312,6,318,1651237,1663996,1.92307692307692e-002,7.72693441341249e-003,-1.12867813302368e-002,1.66561673504238e-002,90026,20,1,0.05,965741,10.8888,893,121,256,236,89,112,0.148648648648649,0.314496314496314,0.28992628992629,0.109336609336609,0.137592137592138,90026,2,8354,0.317,102,90026,13,65604,75.9230769230769,4.091,90026,695000
25,90027,13,Los Feliz,-27.077,-5.093,6.953,12.491,37.044,0.52,0.981,0.715,50316,2.16,2.05,51.85,58.8,35.85,48.34,889,1219,0.371203599550056,43745.1814,15.0206683107,48715,46025,-5.5,Yes,90027,264,7,271,1911901,2069245,2.65151515151515e-002,8.22971482310015e-002,5.43411333320459e-002,4.57684123957693e-002,90027,12,1,8.33333333333333e-002,371446,3.0604,345,0,162,92,56,3,0,0.517571884984026,0.293929712460064,0.178913738019169,9.58466453674121e-003,90027,3,25237,0.9101,94.3333333333333,90027,8,29008,63.125,1.6693,90027,1069229.16666667
26,90028,6,Hollywood,-44.776,-10.945,8.745,14.681,37.838,0.57,3.566,1.969,31742,2.01,1.79,41.39,50.14,26,40.68,825,1137,0.378181818181818,30097.83961,5.46271895692,30562,29994,-1.9,Yes,90028,263,8,271,3205367,3915298,3.04182509505703e-002,0.221481970707254,0.185423462346893,0.154984185488533,90028,26,7,0.269230769230769,3063339,20.1102,2563,335,1276,773,65,0,0.13679052674561,0.521028991425071,0.315639036341364,2.65414454879543e-002,0,90028,18,135812,4.4647,95.2941176470588,90028,35,324179,75.4285714285714,15.8688,90028,691208.333333333
27,90029,10,East Hollywood/Silver Lake,-48.302,-8,3.821,11.634,25.779,0.537,6.703,3.466,35253,3,2.76,18.11,21.93,14.48,26.12,777,977,0.257400257400257,30304.05511,16.3309658461,41697,40161,-3.7,Yes,90029,311,3,314,1668045,1693697,9.64630225080386e-003,1.53784819953898e-002,5.67741369607066e-003,1.41735035502741e-002,90029,12,1,8.33333333333333e-002,349200,3.5216,262,4,21,47,57,37,2.40963855421687e-002,0.126506024096386,0.283132530120482,0.343373493975904,0.22289156626506,,,,,,90029,3,57900,41.6666666666667,3.4674,90029,646541.666666667
28,90031,17,Frog Town/Lincoln Heights/Montecito Heights,-52.742,-4.607,0.939,6.792,27.1,0.469,7.076,3.344,34656,3.69,3.52,3.82,4.76,7.28,14.07,784,996,0.270408163265306,34781.681,-0.361342512456,38409,39333,2.4,Yes,90031,194,4,198,1259596,1286710,2.06185567010309e-002,2.15259495901861e-002,8.89061719677287e-004,1.5849591124229e-002,90031,10,1,0.1,902708,10.5085,741,102,130,184,179,115,0.143661971830986,0.183098591549296,0.259154929577465,0.252112676056338,0.161971830985915,,,,,,,,,,,90031,407431.833333333
29,90032,25,El Sereno/Montecito Heights,-41.53,-1.099,1.718,3.979,30.188,0.429,3.274,1.914,45208,3.64,3.6,5.09,6.81,10.18,14.15,837,1090,0.302270011947431,45979.18265,-1.67724305991,46942,47309,0.8,Yes,90032,117,3,120,561787,583977,2.56410256410256e-002,3.9498956010018e-002,1.35114821097676e-002,4.37700846274982e-002,90032,4,2,0.5,78262,1.506,93,0,70,6,7,10,0,0.752688172043011,6.45161290322581e-002,7.52688172043011e-002,0.10752688172043,,,,,,90032,1,1148,54,0.323,90032,363562.5
30,90033,45,Boyle Heights,-49.444,-2.618,0.095,3.39,23.914,0.379584599,14.945,7.556,27190,3.82,3.72,2.07,2.17,4.56,7.95,733,908,0.238744884038199,30834.71633,-11.8201714295,49418,48567,-1.7,Yes,90033,207,4,211,1051817,1065469,1.93236714975845e-002,1.29794441428499e-002,-6.22395764184855e-003,2.91776682951458e-002,90033,4,0,0,647594,11.1368,545,11,100,147,160,127,2.01834862385321e-002,0.18348623853211,0.269724770642202,0.293577981651376,0.23302752293578,90033,4,26106,0.7638,105.75,90033,4,22257,74,1.822,90033,319341.666666667
31,90034,23,Palms/Mid-City/Beverlywood,-30.01,0.893,3.273,10.81,26.055,0.434,0.785,0.55,56743,2.24,2.26,35.07,38.34,40.62,51.43,1112,1402,0.260791366906475,51184.06187,10.8606818742,58199,58968,1.3,Yes,90034,270,6,276,1668102,1689116,2.22222222222222e-002,1.25975509890882e-002,-9.41543924980493e-003,1.1435318634767e-002,90034,39,9,0.230769230769231,941818,9.1656,770,89,353,225,47,0,0.124649859943978,0.494397759103641,0.315126050420168,6.58263305322129e-002,0,90034,8,35747,2.3922,80.125,90034,3,8691,72.3333333333333,0.204,90034,758229.166666667
32,90035,56,Mid-City/Carthay/Pico-Robertson/Beverlywood,-13.585,9.005,-0.934,11.72,25.258,0.36013532,0.338,0.292,75327,2.11,2.3,68.65,67.72,48.01,59.73,1340,1679,0.252985074626866,68757.74678,9.55420083939,27792,31399,13,Yes,90035,266,4,270,1656681,1693809,1.50375939849624e-002,2.24110737070082e-002,7.26424298542288e-003,1.0861632405398e-002,90035,18,4,0.222222222222222,428149,4.4458,280,0,20,65,49,8,0,0.140845070422535,0.457746478873239,0.345070422535211,5.63380281690141e-002,90035,7,75252,1.5297,61.1428571428571,90035,8,60044,67.375,2.3932,90035,925041.666666667
33,90036,46,Fairfax/Mid-Wilshire/Hancock Park,-16.742,3.704,-5.84,7.325,26.786,0.379542941,0.305,0.254,71049,1.89,1.96,67.31,61.47,58.39,65.72,1434,1818,0.267782426778243,65639.76842,8.2407840707,32885,36425,10.8,Yes,90036,273,20,293,2336548,3378740,7.32600732600733e-002,0.446039199708288,0.347333452287927,0.245168259298656,90036,11,3,0.272727272727273,2989436,33.7872,3260,191,1442,1322,253,0,5.95386533665835e-002,0.449501246882793,0.412094763092269,7.88653366583541e-002,0,90036,2,657495,6.6348,55,90036,7,77404,69.7142857142857,1.8855,90036,1234375
34,90037,59,Vermont Square/Exposition Park/Vermont-Slauson/South Park/Historic South Central,-50.042,0,0.374,1.994,29.899,0.357265355,28.642,14.309,26638,3.77,3.77,1.38,1.75,3.96,5.95,738,959,0.299457994579946,27873.46175,-4.4323943724,56691,61536,8.5,Yes,90037,230,6,236,1432493,1450474,2.60869565217391e-002,1.25522428381849e-002,-1.31906107932943e-002,3.13673929376409e-002,90037,11,0,0,569950,4.3886,446,0,200,61,108,41,0,0.48780487804878,0.148780487804878,0.263414634146341,0.1,90037,4,138482,7.178,42.5,90037,1,8739,94,0.4835,90037,312541.666666667
35,90038,8,Hollywood,-54.005,-7.17,6.787,12.725,29.701,0.545,5.474,2.518,33850,2.65,2.46,22.04,28.83,16.18,28.9,799,1036,0.296620775969962,32040.38962,5.647903791,32557,28798,-11.5,Yes,90038,208,5,213,1712209,1739555,2.40384615384615e-002,0.01597118108829,-7.87790766965114e-003,1.88685033114208e-002,90038,12,3,0.25,358412,3.5292,350,42,162,111,11,0,0.128834355828221,0.496932515337423,0.340490797546012,3.37423312883436e-002,0,90038,4,41328,1.944,92.5,90038,13,103821,73.4615384615385,4.972,90038,680375
36,90039,11,Silver Lake/Atwater Village/Frog Town/Echo Park,-35.495,-9.843,8.103,11.597,31.8,0.528,0.704,0.454,67170,2.54,2.29,29.74,37.84,32.6,44.19,1009,1330,0.318136769078295,62710.13355,7.1118752226,29306,27843,-5,Yes,90039,154,8,162,941634,1006502,5.1948051948052e-002,6.88887614508397e-002,1.61041312557364e-002,0.10083921761758,,,,,,,,,,,,,,,,,,90039,3,13280,0.924,75.6666666666667,90039,3,9660,88.6666666666667,1.1056,90039,753750
37,90041,51,Eagle Rock,-30.104,-0.355,0.339,11.944,27.504,0.374849079,0.628,0.439,64545,2.82,2.81,30.06,30.4,31.07,43.01,940,1199,0.275531914893617,66592.48403,-3.07464732668,27864,28439,2.1,Yes,90041,201,10,211,1348347,1430450,4.97512437810945e-002,6.08915954127535e-002,1.06123728813434e-002,0.128830593171316,90041,4,1,0.25,303102,2.1967,211,2,116,86,7,0,9.47867298578199e-003,0.549763033175355,0.407582938388626,3.3175355450237e-002,0,90041,2,7624,1.08,69,90041,7,23315,95.2857142857143,2.4314,90041,653425
38,90042,14,Highland Park/Montecito Heights,-43.971,-6.422,2.485,8.266,35.832,0.496,2.154,1.207,51427,3.27,3.06,12.44,14.92,17.03,25.29,861,1169,0.357723577235772,49579.70528,3.72590903792,64660,61034,-5.6,Yes,90042,319,5,324,1483859,1578691,1.56739811912226e-002,6.39090371794086e-002,4.74906878402202e-002,1.49893443501244e-002,90042,6,1,0.166666666666667,83811,2.1152,66,0,0,15,0,1,0,0,0.9375,0,0.0625,90042,1,6247,0.2473,97,,,,,,90042,484562.5
39,90043,64,Hyde Park,-23.007,-5.694,1.061,1.109,23.799,0.347465267,1.995,1.536,38738,2.81,2.65,2.59,3.65,19.79,20.9,830,1028,0.23855421686747,46837.03913,-17.2919537196,44761,43118,-3.7,Yes,90043,227,4,231,1125546,1152717,1.76211453744493e-002,2.41402839155397e-002,6.4062530252273e-003,3.49718498683575e-002,90043,5,0,0,296526,3.2666,217,0,201,8,8,0,0,0.926267281105991,3.68663594470046e-002,3.68663594470046e-002,0,,,,,,90043,2,64182,73,2.754,90043,367416.666666667
40,90044,43,Vermont Vista/Vermont Knowles/Vermont Slauson,-37.141,-4.225,0.031,3.477,28.3,0.380638725,14.671,9.222,28344,3.55,3.4,1.11,1.14,4.81,8.29,769,986,0.282184655396619,30370.04407,-6.67119239383,87366,88412,1.2,Yes,90044,225,9,234,1176558,1473306,0.04,0.252217060272422,0.204054865646559,9.1149170517364e-002,90044,12,2,0.166666666666667,426303,3.8834,322,0,130,52,65,75,0,0.403726708074534,0.161490683229814,0.201863354037267,0.232919254658385,,,,,,90044,6,15624,78.3333333333333,1.9142,90044,279166.666666667
41,90045,53,Westchester,-17.085,1.261,-0.975,11.399,42.277,0.37338851,0.236,0.196,78082,2.38,2.41,52.17,51.2,41.33,52.73,1188,1690,0.422558922558923,77765.23982,0.407328750909,39315,41453,5.4,Yes,90045,137,7,144,1862654,2191942,5.10948905109489e-002,0.176784308841041,0.119579516050157,0.136843111245881,90045,13,6,0.461538461538462,2068036,148.1252,2171,163,987,921,73,0,7.60261194029851e-002,0.46035447761194,0.429570895522388,3.40485074626866e-002,0,90045,29,219653,6.6597,52.2758620689655,90045,3,25125,58.3333333333333,1.424,90045,780246.25
42,90046,29,Hollywood/Hollywood Hills West/Bevelry Grove,-17.73,1.163,-5.839,10.629,32.02,0.414,0.472,0.388,56337,1.72,1.74,80.87,75.03,48.41,59.04,1063,1403,0.319849482596425,51413.64846,9.57596219578,49831,51329,3,Yes,90046,353,10,363,2291191,2638331,2.8328611898017e-002,0.151510720843439,0.119788662418,9.91394175207116e-002,90046,22,8,0.363636363636364,846746,8.6036,732,76,267,281,55,2,0.111600587371512,0.392070484581498,0.412628487518355,8.07635829662261e-002,2.93685756240822e-003,90046,7,169147,4.3569,73.5714285714286,90046,8,120292,60.875,7.7729,90046,1085625
43,90047,67,Manchester Square/Chesterfield Square,-31.418,-2.99,0.068,4.629,21.456,0.342877305,3.833,2.629,40528,3.01,2.92,1.11,1.18,10.97,15.6,883,1072,0.214043035107588,48312.16734,-16.1122296278,47105,46999,-0.2,Yes,90047,212,10,222,1142664,1387835,4.71698113207547e-002,0.214560885789698,0.159850935979352,0.390671601096432,90047,3,0,0,301002,4.1263,326,0,182,108,36,0,0,0.558282208588957,0.331288343558282,0.110429447852761,0,90047,2,23520,1.02,76,90047,6,57910,56.5,6.0781,90047,309018.75
44,90048,27,Beverly Grove,-15.422,4.598,-3.125,15.226,25.423,0.424,0.243,0.206,72913,1.74,1.82,80.69,77.56,50.93,66.15,1351,1695,0.254626202812731,64868.52245,12.4012036134,21724,22409,3.2,Yes,90048,318,6,324,3005340,3063638,1.88679245283019e-002,1.93981379810604e-002,5.20394685114876e-004,1.8042250900346e-002,90048,14,3,0.214285714285714,437750,3.5046,361,1,161,111,48,0,3.11526479750779e-003,0.501557632398754,0.345794392523364,0.149532710280374,0,90048,11,133682,2.3498,70.2727272727273,90048,4,26284,51.75,3.2658,90048,1250062.5
45,90049,78,Brentwood,5.687,5.025,-4.254,7.784,18.611,0.321934404,0.076,0.08,116732,1.99,2.09,84.38,80.13,70.03,77.81,1578,1872,0.186311787072243,115950.85134,0.673689456328,33520,35262,5.2,Yes,90049,60,2,62,622713,633013,3.33333333333333e-002,1.65405250894072e-002,-1.62511047521866e-002,1.60600725757195e-002,90049,13,2,0.153846153846154,600550,5.8987,492,9,73,246,53,0,2.36220472440945e-002,0.191601049868766,0.645669291338583,0.139107611548556,0,90049,20,262457,7.2091,62.5,90049,2,4428,72,0.37,90049,1461666.66666667
46,90056,104,Westchester,7.841,0,-4.293,5.013,24.232,0.247346037,0.252,0.272,76688,2.36,2.36,16.31,12.02,49.8,54.82,1177,1462,0.24214103653356,99248.77061,-22.7315365937,8108,8380,3.4,Yes,90056,17,1,18,209082,246082,5.88235294117647e-002,0.176964061946987,0.111577169616599,4.41147308220102e-002,,,,,,,,,,,,,,,,,,,,,,,,,,,,90056,783583.333333333
47,90057,31,Westlake,-38.126,-3.448,-0.778,4.082,25.599,0.409782845,11.254,6.964,26940,2.9,2.8,5.52,4.74,12.72,16.8,694,872,0.256484149855908,27132.46072,-0.709337505308,43986,45747,4,Yes,90057,137,2,139,1489988,1535582,1.45985401459854e-002,3.06002464449378e-002,1.57714659205501e-002,3.19865354127193e-002,90057,18,2,0.111111111111111,793561,7.5581,798,17,221,320,199,19,2.19072164948454e-002,0.28479381443299,0.412371134020619,0.256443298969072,2.44845360824742e-002,90057,16,373603,9.8512,90.4615384615385,90057,8,142103,58.625,4.4897,90057,326250
48,90059,47,Watts/Green Meadows,-44.213,6.931,0.247,1.752,30.783,0.377354799,18.051,10.07,33678,4.04,4.32,0.71,0.96,5.03,6.78,687,899,0.308588064046579,30452.53027,10.5917954975,38123,42470,11.4,Yes,90059,63,8,71,443783,491210,0.126984126984127,0.10686979897833,-1.78479248502148e-002,7.35524192724822e-002,90059,4,0,0,174687,3.9793,170,0,90,76,2,2,0,0.529411764705882,0.447058823529412,1.17647058823529e-002,1.17647058823529e-002,,,,,,90059,1,9084,53,2.2473,90059,247266.666666667
49,90061,66,Broadway-Manchester/Vermont Vista/Green Meadows/Harbor Gateway,-33.233,-2.584,0.269,1.585,40.922,0.344652908,11.754,7.848,34566,3.87,3.77,0.8,1.07,5.89,7.47,791,1114,0.40834386852086,36361.29173,-4.93737060644,24503,28641,16.9,Yes,90061,71,12,83,332075,386438,0.169014084507042,0.16370699390198,-4.53980039710156e-003,0.252010392817637,90061,9,0,0,274827,4.3008,219,0,68,51,41,38,0,0.343434343434343,0.257575757575758,0.207070707070707,0.191919191919192,,,,,,90061,8,18391,73.625,2.2219,90061,255483.333333333
50,90062,58,Exposition Park/Vermont Square,-52.422,4.532,-0.947,-0.313,23.216,0.357305682,11.971,5.696,32067,3.31,3.46,2.05,1.1,6.97,6.66,822,1013,0.232360097323601,36982.68777,-13.2918618586,29279,32675,11.6,Yes,90062,92,1,93,490458,490958,1.08695652173913e-002,1.0194552846523e-003,-9.74419477217187e-003,8.51458034228096e-003,90062,1,0,0,40533,0.1242,34,0,34,0,0,0,0,1,0,0,0,90062,1,30365,2.0623,109,90062,5,18269,70.4,1.6,90062,322291.666666667
51,90063,34,Boyle Heights,-50.67,-5.634,0.02,1.939,26.079,0.398718955,11.082,5.467,39206,4.26,4.02,1.01,1.03,3.6,5.54,804,1014,0.261194029850746,41482.30998,-5.48742338866,55666,54353,-2.4,Yes,90063,135,6,141,585918,606101,4.44444444444444e-002,3.44467997228281e-002,-9.57221303133466e-003,5.52268827144996e-002,90063,3,0,0,104176,1.9695,89,0,0,19,49,19,0,0,0.218390804597701,0.563218390804598,0.218390804597701,,,,,,90063,6,29522,71.3333333333333,3.2928,90063,321208.333333333
52,90064,42,Sawtelle/West LA/Cheviot Hills/Rancho Park,-3.672,8.072,-3.512,12.381,36.737,0.385750485,0.177,0.171,86573,2.23,2.41,64.05,60.54,50.55,62.94,1236,1690,0.367313915857605,82380.34271,5.08939044446,24489,25788,5.3,Yes,90064,241,4,245,2529959,2660547,1.6597510373444e-002,5.16166467519829e-002,3.44473953764403e-002,3.00385018577707e-002,90064,17,5,0.294117647058824,614550,7.293,407,25,90,190,12,5,7.7639751552795e-002,0.279503105590062,0.590062111801242,3.72670807453416e-002,1.5527950310559e-002,90064,4,30977,0.7772,63.5,90064,5,253955,67.2,7.0387,90064,948895.833333333
53,90065,19,Glassell Park/Cypress Park/Mt Washington,-35.66,-6.97,3.471,6.413,29.055,0.462,1.266,0.815,52794,3.3,3.07,15.7,19.17,21.09,27.5,865,1116,0.290173410404624,52613.82267,0.342452459936,47524,46254,-2.7,Yes,90065,185,3,188,1375739,1392188,1.62162162162162e-002,1.19564830247598e-002,-4.19175872563536e-003,7.56980669646502e-004,90065,3,0,0,208899,19.6248,205,0,24,96,85,0,0,0.117073170731707,0.468292682926829,0.414634146341463,0,,,,,,,,,,,90065,547166.666666667
54,90066,36,Mar Vista/Del Rey/Playa Vista,-21.672,1.695,0.647,12.384,33.726,0.392235428,0.39,0.306,68346,2.36,2.4,45.58,46.23,37.84,50.22,1072,1434,0.337686567164179,61987.00453,10.2585945525,55194,58337,5.7,Yes,90066,234,6,240,1127344,1147010,2.56410256410256e-002,1.74445422160405e-002,-7.99157133936048e-003,1.51864018018109e-004,90066,20,5,0.25,2043566,21.9866,1433,73,623,544,107,0,5.41945063103192e-002,0.462509279881218,0.403860430586489,7.94357832219748e-002,0,90066,3,10860,0.58,74,90066,4,21945,73.25,1.561,90066,905229.166666667
55,90067,107,Century City,7.871,1.258,-4.565,13.367,-9.361,0.21846303,0.041,0.044,89500,1.59,1.61,86.16,81.6,46.37,59.74,2207,2000,-9.37924784775714e-002,102874.0391,-13.0004024504,2524,2364,-6.3,Yes,90067,2,1,3,1310200,1326561,0.5,1.2487406502824e-002,-0.325008395664784,1.9720779800377e-002,90067,1,0,0,751296,3.7059,140,0,0,0,0,0,,,,,,,,,,,,,,,,90067,1144617.41666667
56,90068,60,Hollywood Hills,1.967,2.299,-4.039,9.933,28.314,0.35704049,0.238,0.243,73373,1.74,1.78,76.06,72.02,54.94,64.87,1125,1443,0.282666666666667,72711.5853,0.909641424088,21713,21943,1.1,Yes,,,,,,,,,,,90068,6,3,0.5,341624,4.8619,360,13,244,93,9,1,3.61111111111111e-002,0.677777777777778,0.258333333333333,0.025,2.77777777777778e-003,,,,,,,,,,,90068,1006208.33333333
57,90069,55,Hollywood Hills West,-4.871,5.333,-9.734,9.839,27.17,0.363640167,0.207,0.197,78607,1.5,1.58,82.68,72.95,52.79,62.63,1235,1570,0.271255060728745,70408.84555,11.6436427639,20395,20426,0.2,Yes,90069,320,18,338,1987588,2235241,0.05625,0.124599766148719,6.47098377739352e-002,0.15824021127068,90069,11,1,9.09090909090909e-002,243041,3.3793,160,0,32,60,25,0,0,0.273504273504274,0.512820512820513,0.213675213675214,0,90069,11,69696,2.1879,64.9090909090909,90069,18,195356,69.6666666666667,9.1645,90069,759125
58,90077,111,Bel Air,21.945,2.429,-1.88,3.738,-3.531,0.140502073,0.054,0.066,172443,2.47,2.53,83.84,81.96,70.81,74.55,2073,2000,-3.5214664737096e-002,194567.07379,-11.370923846,10465,8328,-20.4,Yes,,,,,,,,,,,,,,,,,,,,,,,,,,,,,,,,,,,,,,90077,1919479.16666667
59,90094,95,Playa Vista/Playa del Rey,-17.259,0,0,0,0,0.2643746,0.118,0.098,96010,0,2.02,0,44.52,0,80.47,0,2000,,0,0,0,6062,0,Yes,,,,,,,,,,,90094,3,1,0.333333333333333,1428535,18.5843,1324,1,466,770,87,0,7.55287009063444e-004,0.351963746223565,0.581570996978852,6.57099697885196e-002,0,,,,,,,,,,,90094,729604.166666667
60,90210,110,Beverly Crest,47.208,4.858,-2.47,3.883,11.305,0.173520052,0.073,0.108,138750,2.47,2.59,84.82,82.35,55.46,59.35,1797,2000,0.112966054535337,154760.60844,-10.3454028783,21396,21478,0.4,Yes,90210,135,7,142,1596914,1731079,5.18518518518519e-002,8.40151692577058e-002,3.05778017590865e-002,5.22450617025226e-002,90210,3,0,0,253322,2.1057,155,0,108,15,32,0,0,0.696774193548387,9.67741935483871e-002,0.206451612903226,0,90210,5,182502,2.4243,83.6666666666667,90210,3,73175,72,0.504,90210,2815416.66666667
61,90230,44,Del Rey/Playa Vista,-17.091,0,-1.107,9.39,31.168,0.380003573,0.373,0.31,73786,2.46,2.46,39.36,38.25,38.9,48.29,1167,1531,0.31191088260497,70491.33175,4.67386296756,31945,33090,3.6,Yes,90230,184,7,191,3039622,3104533,3.80434782608696e-002,2.13549579520085e-002,-1.60768991457091e-002,2.56382281145477e-002,,,,,,,,,,,,,,,,,,,,,,,90230,1,2112,34,0.4017,90230,521562.5
62,90247,70,Harbor Gateway,-24.572,-1.365,-3.363,7.704,14.718,0.339079969,2.072,1.563,42968,2.93,2.89,9.38,6.01,14.67,22.37,962,1104,0.147609147609148,48255.80177,-10.957857037,47741,47374,-0.8,Yes,90247,217,8,225,1680223,1748727,3.68663594470046e-002,4.07707786406923e-002,3.7655954001344e-003,5.91835976950039e-002,90247,3,1,0.333333333333333,24601,0.9016,18,0,0,4,14,0,0,0,0.222222222222222,0.777777777777778,0,,,,,,90247,9,135494,62.2222222222222,7.1656,90247,359125
63,90248,85,Harbor Gateway,-15.192,-4.348,-4.092,3.297,20.945,0.306987784,0.783,0.664,51956,2.99,2.86,13.34,9.25,20.11,23.41,938,1134,0.208955223880597,59286.95625,-12.3652093373,9944,9936,-0.1,Yes,90248,81,11,92,930648,1074647,0.135802469135802,0.1547298226612,1.66643003864909e-002,0.161667212926862,,,,,,,,,,,,,,,,,,,,,,,90248,6,62493,44.1666666666667,4.6533,90248,432000
64,90272,90,Pacific Palisades,-8.97,3.265,-3.414,6.524,-13.971,0.282932316,0.061,0.055,157938,2.45,2.53,88.54,85.12,70.27,76.79,2325,2000,-0.139784946236559,168927.61329,-6.50551622436,22538,23497,4.3,Yes,,,,,,,,,,,90272,2,0,0,43528,0.6173,7,0,0,7,0,0,0,0,1,0,0,,,,,,90272,2,17774,66,1.4703,90272,2194812.5
66,90291,9,Venice,-34.441,-3.03,6.583,14.551,47.363,0.539,0.423,0.278,81025,1.98,1.92,60.52,67.1,46.83,61.38,1166,1718,0.473413379073756,62921.84813,28.7708521094,31018,27803,-10.4,Yes,90291,226,14,240,1185852,1233287,6.19469026548673e-002,4.00007758135079e-002,-2.06659361089468e-002,3.28419118469339e-002,90291,8,2,0.25,230775,3.099,204,16,129,40,6,0,8.37696335078534e-002,0.675392670157068,0.209424083769634,3.1413612565445e-002,0,90291,3,47364,1.0364,81.3333333333333,90291,6,26198,91.4,0.9796,90291,1482541.66666667
67,90292,84,Del Rey/Venice,-12.967,7.273,-6.384,7.982,0.885,0.307552413,0.131,0.114,103319,1.65,1.77,80.03,73.65,60.26,68.24,1982,2000,9.08173562058527e-003,99279.01555,4.06932364067,18057,21507,19.1,Yes,90292,94,9,103,1347688,1387897,9.57446808510638e-002,2.9835540570221e-002,-6.0150089188342e-002,0.421098243552477,90292,19,7,0.368421052631579,5002618,228.7455,4081,209,1342,1453,215,2,6.48866811549208e-002,0.416640794784228,0.451102142191866,6.67494566904688e-002,6.20925178515989e-004,,,,,,90292,3,9800,57,2.2124,90292,771695.833333333
68,90293,101,Playa Del Rey,-2.589,1.099,-13.593,1.166,29.695,0.253025,0.13,0.127,84588,1.82,1.84,73.51,59.91,59.68,60.85,1362,1767,0.297356828193833,91319.09725,-7.37096341587,11252,11997,6.6,Yes,,,,,,,,,,,90293,5,2,0.4,518328,8.5382,606,111,227,265,3,0,0.183168316831683,0.374587458745875,0.437293729372937,4.95049504950495e-003,0,,,,,,90293,1,5300,65,0.23,90293,522208.333333333
69,90402,83,Pacific Palisades (also Santa Monica),-10.77,-5.628,-5.187,3.935,37.658,0.311337191,0.073,0.065,131607,2.31,2.18,88.35,83.16,70.47,74.4,1343,1849,0.376768428890544,162983.10781,-19.2511409505,11492,11503,0.1,Yes,90402,21,1,22,102798,110190,4.76190476190476e-002,7.19080137745871e-002,2.31849222393787e-002,4.60576422014671e-002,,,,,,,,,,,,,,,,,,,,,,,,,,,,90402,3007791.66666667
70,90501,38,Harbor Gateway,-19.009,0.342,-9.303,9.51,27.134,0.389403327,0.728,0.59,59878,2.92,2.93,33.11,23.81,20.45,29.96,954,1213,0.271488469601677,57901.18809,3.41411286229,40697,43407,6.7,Yes,90501,204,17,221,1510019,1917574,8.33333333333333e-002,0.269900577409953,0.172215917609187,0.282733807257324,90501,7,1,0.142857142857143,74129,1.7584,62,0,1,5,12,0,0,5.55555555555556e-002,0.277777777777778,0.666666666666667,0,,,,,,90501,6,30989,58.8333333333333,3.0863,90501,536937.5
71,90502,74,Harbor Gateway,-15.758,-2.397,-9.205,10.494,12.752,0.326947165,0.638,0.538,62533,2.92,2.85,26.95,17.74,22.31,32.8,1207,1361,0.127589063794532,66815.19677,-6.40901617747,17038,17135,0.6,Yes,90502,45,1,46,526026,552005,2.22222222222222e-002,4.93872926433294e-002,2.65745254119527e-002,1.0735208854506e-003,,,,,,,,,,,,,,,,,,,,,,,90502,2,3142,69,0.81,90502,339125
72,90710,81,Harbor City,-2.553,1.014,-6.533,5.84,19.87,0.318021238,0.78,0.76,54630,2.96,2.99,26.22,19.68,19.52,25.36,883,1058,0.198187995469989,58151.39623,-6.05556608834,24640,27550,11.8,Yes,90710,67,8,75,489543,605326,0.119402985074627,0.236512420767941,0.104617762552694,0.419034579523853,90710,1,0,0,3800,0.2445,5,0,0,4,1,0,0,0,0.8,0.2,0,,,,,,90710,2,15901,56,1.4051,90710,422416.666666667
73,90731,71,San Pedro,-9.47,2.281,-5.171,3.953,19.46,0.333621156,0.97,0.878,49786,2.63,2.69,36.71,31.53,17.48,21.43,942,1125,0.194267515923567,49367.9907,0.846721314911,58622,62348,6.4,Yes,90731,214,7,221,1346643,1570900,3.27102803738318e-002,0.166530401895677,0.1295814751388,9.55427555280656e-002,90731,5,3,0.6,847807,5.5247,546,35,151,173,71,0,8.13953488372093e-002,0.351162790697674,0.402325581395349,0.165116279069767,0,90731,2,60286,1.1492,47,90731,4,32523,84.5,1.403,90731,447912.5
74,90732,99,San Pedro,10.368,-3.347,-9.098,0.738,26.916,0.254646011,0.151,0.167,84537,2.39,2.31,66.01,56.91,35.79,36.53,1331,1689,0.268970698722765,87454.61878,-3.33615173298,21264,19810,-6.8,Yes,90732,28,4,32,532147,600610,0.142857142857143,0.128654300409473,-1.24274871417108e-002,0.102446192870271,90732,1,0,0,132332,1.5301,136,0,10,122,4,0,0,7.35294117647059e-002,0.897058823529412,2.94117647058824e-002,0,,,,,,90732,2,56008,52.5,10.15,90732,439895.833333333
75,90744,73,Wilmington,-21.383,8.158,-2.342,0.439,28.139,0.327920144,3.142,2.47,41578,3.8,4.11,6.89,4.54,6.08,6.52,796,1020,0.281407035175879,41599.16543,-0.0508794582324,53308,58061,8.9,Yes,90744,190,14,204,1046863,1116090,7.36842105263158e-002,6.61280415871036e-002,-7.03760832573682e-003,5.01345544174448e-002,90744,4,0,0,358148,13.3695,346,0,130,42,123,51,0,0.375722543352601,0.121387283236994,0.355491329479769,0.147398843930636,,,,,,90744,3,63542,49.3333333333333,7.22,90744,331427.083333333
76,91040,79,Shadow Hills/Sunland,-0.453,2.672,-6.68,5.285,21.161,0.32112171,0.39,0.388,70830,2.62,2.69,68.42,61.74,22.99,28.28,975,1181,0.211282051282051,71342.31438,-0.718107317449,18748,20017,6.8,Yes,91040,97,2,99,608526,623336,2.06185567010309e-002,2.43374974939444e-002,3.64381067588486e-003,1.04534678936794e-002,91040,1,0,0,5400,0.32,4,0,0,0,4,0,0,0,0,1,0,,,,,,,,,,,91040,434218.75
77,91042,76,Tujunga,-13.842,4.833,-2.809,2.36,25.838,0.323330061,0.756,0.651,57640,2.69,2.82,60.41,57.61,22.3,24.66,911,1147,0.259055982436883,58952.88714,-2.2270107601,26738,28126,5.2,Yes,91042,164,13,177,705170,863401,7.92682926829268e-002,0.224387027241658,0.134460296427299,0.59047499957612,91042,6,2,0.333333333333333,81826,2.3184,84,0,1,3,21,0,0,0.04,0.12,0.84,0,,,,,,91042,1,4400,,,91042,459416.666666667
78,91303,40,Canoga Park,-24.875,-3.859,-3.752,8.016,24.147,0.387606963,2.115,1.589,46187,3.11,2.99,24.96,21.21,15.98,24,994,1234,0.241448692152918,50548.91813,-8.62910284011,23508,27827,18.4,Yes,91303,291,7,298,3416744,3608227,2.40549828178694e-002,5.60425364030785e-002,3.12361680983083e-002,2.14015188056089e-002,91303,9,2,0.222222222222222,2225889,31.2651,1869,8,974,700,167,10,4.30338891877353e-003,0.523937600860678,0.376546530392684,8.98332436793975e-002,5.37923614846692e-003,91303,3,44326,1.4419,53,91303,5,52114,55.2,3.6978,91303,367958.333333333
79,91304,96,West Hills/Canoga Park,1.571,6.485,-11.734,3.649,19.598,0.260517098,0.631,0.641,58361,2.93,3.12,46.38,34.65,25.21,28.85,1001,1197,0.195804195804196,66060.44804,-11.6551556467,49226,53517,8.7,Yes,91304,87,4,91,1080220,1250065,4.59770114942529e-002,0.157231860176631,0.106364525663372,0.125490119452369,91304,5,1,0.2,306777,4.8793,241,0,15,146,67,0,0,6.57894736842105e-002,0.640350877192982,0.293859649122807,0,,,,,,91304,4,73166,66,18.4272,91304,459312.5
80,91306,98,Winnetka,-9.703,6.27,-12.163,0.507,19.365,0.257260568,0.989,0.893,60959,3.19,3.39,37.61,25.45,22.58,23.09,965,1152,0.193782383419689,67451.71528,-9.62572301245,43846,48707,11.1,Yes,91306,88,6,94,786553,844289,6.81818181818182e-002,7.34038265698561e-002,4.88868870369504e-003,5.60268941944795e-002,91306,3,1,0.333333333333333,165406,1.8098,150,0,8,104,0,0,0,7.14285714285714e-002,0.928571428571429,0,0,,,,,,91306,1,3968,50,,91306,413562.5
81,91307,91,West Hills,-1.012,2.431,-7.898,5.923,7.125,0.281285559,0.179,0.177,98655,2.88,2.95,70.64,62.74,38.73,44.65,1867,2000,7.12372790573112e-002,101831.96344,-3.11980966749,23622,25597,8.4,Yes,91307,47,2,49,1469982,1615510,4.25531914893617e-002,9.89998516988643e-002,5.41427148948291e-002,4.97548006007343e-002,91307,2,1,0.5,122545,2.6076,75,0,12,41,22,0,0,0.16,0.546666666666667,0.293333333333333,0,,,,,,91307,2,2016,59,0.7918,91307,535687.5
82,91311,103,Chatsworth,16.232,5.747,-14.403,6.31,15.808,0.248665727,0.262,0.304,80279,2.61,2.76,65.51,51.11,34.46,40.77,1224,1417,0.157679738562091,85606.9279,-6.22371113028,35317,37769,6.9,Yes,91311,119,12,131,1156821,1237111,0.100840336134454,6.94057248269179e-002,-2.85551049282196e-002,8.29682103757103e-002,91311,5,2,0.4,293314,5.3698,220,0,111,84,13,0,0,0.533653846153846,0.403846153846154,0.0625,0,,,,,,91311,5,144856,43,12.4376,91311,449583.333333333
83,91316,82,Encino,8.501,4.63,-5.543,10.251,22.069,0.312115725,0.305,0.331,62016,2.16,2.26,76.84,71.3,41.24,51.49,1192,1455,0.220637583892617,67543.82487,-8.184056619,27595,28190,2.2,Yes,91316,94,2,96,1158196,1172380,2.12765957446809e-002,1.22466318308818e-002,-8.8418396655949e-003,9.73726783117973e-003,91316,4,2,0.5,493966,5.1129,325,0,55,216,54,0,0,0.169230769230769,0.664615384615385,0.166153846153846,0,,,,,,,,,,,91316,485625
84,91324,89,Northridge,-0.96,3.46,-9.11,3.882,33.719,0.294926345,0.572,0.566,58993,2.89,2.99,45.51,36.4,31.92,35.8,1046,1399,0.337476099426386,68684.88397,-14.1106505679,25731,29178,13.4,Yes,91324,199,9,208,4516411,4836697,4.52261306532663e-002,7.09160437347265e-002,2.4578330303897e-002,8.00102188585591e-002,91324,6,2,0.333333333333333,1058782,19.9571,993,18,406,389,71,0,2.03619909502262e-002,0.459276018099547,0.440045248868778,8.0316742081448e-002,0,91324,1,4244,0.44,80,91324,11,510036,46.8181818181818,34.9978,91324,474958.333333333
85,91325,105,Northridge/Lake Balboa,3.545,4.545,-11.07,1.396,24.082,0.246629736,0.497,0.515,57883,2.64,2.76,51.81,40.74,36.38,37.78,1052,1305,0.240494296577947,67164.38835,-13.8189129359,32300,32823,1.6,Yes,91325,80,2,82,645584,775733,0.025,0.201598862425339,0.172291573097892,0.145671453357586,91325,9,0,0,267495,4.7112,231,0,68,108,26,0,0,0.336633663366337,0.534653465346535,0.128712871287129,0,,,,,,91325,4,16490,56.5,2.295,91325,485708.333333333
86,91326,87,Porter Ranch/Chatsworth,14.536,2.778,-11.255,4.308,54.741,0.301880468,0.136,0.156,98831,2.88,2.96,60.21,48.96,49.85,54.16,1155,1787,0.547186147186147,113157.3187,-12.6605321375,28049,36024,28.4,Yes,91326,22,7,29,718605,757439,0.318181818181818,5.40408151905428e-002,-0.20038282985545,5.26035494709253e-002,91326,4,2,0.5,779849,36.9258,755,90,334,300,31,0,0.119205298013245,0.442384105960265,0.397350993377483,4.10596026490066e-002,0,,,,,,,,,,,91326,628895.833333333
87,91331,39,Pacoima/Arleta,-41.951,1.101,-2.58,2.293,42.606,0.389150288,5.713,3.316,51345,4.54,4.59,6.88,4.3,6.02,8.31,906,1292,0.426048565121413,53925.35325,-4.78504654024,97300,102367,5.2,Yes,91331,185,14,199,1598757,2008687,7.56756756756757e-002,0.256405444980069,0.168015112167401,0.220448326997786,91331,3,0,0,103411,3.1049,72,0,14,16,42,0,0,0.194444444444444,0.222222222222222,0.583333333333333,0,91331,1,40657,1.25,,91331,1,9790,74,0.9,91331,336208.333333333
88,91335,86,Reseda/Tarzana,-18.602,8.852,-9.137,3.136,25.836,0.30520815,1.649,1.342,51398,3.05,3.32,39.12,29.98,19.63,22.77,962,1211,0.258835758835759,56079.61784,-8.34816288042,68002,77952,14.6,Yes,91335,330,6,336,2536379,2582909,1.81818181818182e-002,1.83450501679757e-002,1.60317129261932e-004,2.20676838766416e-002,91335,15,2,0.133333333333333,621575,10.1956,544,4,223,203,62,0,8.13008130081301e-003,0.453252032520325,0.41260162601626,0.126016260162602,0,91335,8,76430,2.2579,54.875,91335,7,32558,53.3333333333333,3.8804,91335,398187.5
89,91342,68,Lake View Terrace,-21.963,1.892,-8.114,4.292,28.539,0.341840752,1.307,1.02,60899,3.7,3.77,22.15,14.03,12.79,17.09,1021,1313,0.285994123408423,67011.78888,-9.12196045228,81970,91701,11.9,Yes,91342,113,8,121,1258318,1357004,7.07964601769911e-002,7.84269159306312e-002,7.12596281125053e-003,0.272450645687992,91342,11,1,9.09090909090909e-002,925954,27.5958,818,0,441,224,90,49,0,0.548507462686567,0.278606965174129,0.111940298507463,6.09452736318408e-002,91342,1,5876,1.6667,62,91342,9,68880,66,12.4812,91342,370832.5
90,91343,69,North Hills/Northridge,-13.501,5.797,-6.942,4.583,33.659,0.340536908,1.229,1.063,55238,3.45,3.65,27.52,20.58,19.1,23.69,872,1165,0.336009174311927,57446.13922,-3.84384268461,57001,61976,8.7,Yes,91343,97,15,112,828601,1086499,0.154639175257732,0.311245098666306,0.135631915809212,0.176824178756439,91343,10,1,0.1,507635,7.5432,404,0,74,106,137,37,0,0.209039548022599,0.299435028248588,0.387005649717514,0.104519774011299,91343,1,55091,0.849,66,91343,4,36781,71.5,2.7765,91343,417083.333333333
91,91344,94,Granada Hills,2.058,4.73,-9.658,2.406,22.665,0.265810788,0.329,0.336,77247,2.96,3.1,55.94,46.28,32.92,35.33,1254,1538,0.226475279106858,89287.18719,-13.4847872006,48863,53165,8.8,Yes,91344,136,2,138,1854985,1860985,1.47058823529412e-002,3.23452750291781e-003,-1.13051033304578e-002,3.0163765119078e-003,91344,4,0,0,204132,2.868,123,0,3,103,0,0,0,2.83018867924528e-002,0.971698113207547,0,0,,,,,,91344,3,23798,52.3333333333333,2.8853,91344,488854.166666667
92,91345,92,Mission Hills,-9.908,2.402,-7.262,3.995,8.942,0.272582157,0.975,0.878,60148,3.33,3.41,27.24,19.98,16.01,20,1213,1321,8.9035449299258e-002,72317.02631,-16.827332277,17102,18196,6.4,Yes,91345,61,4,65,507128,570473,6.55737704918033e-002,0.124909293117319,5.56841058485614e-002,9.21383186193302e-002,,,,,,,,,,,,,,,,,,,,,,,91345,1,1200,,0.538,91345,382083.333333333
93,91352,50,Shadow Hills/Sun Valley,-23.168,-4.359,-2.883,3.788,28.733,0.375729519,2.503,1.923,49088,3.9,3.73,21.31,18.43,10.44,14.23,902,1161,0.287139689578714,56808.24594,-13.5900093591,46624,46874,0.5,Yes,91352,140,5,145,1215112,1268594,3.57142857142857e-002,4.40140497336871e-002,8.01356526011175e-003,4.96690738241337e-002,91352,6,2,0.333333333333333,365840,5.9099,299,0,3,44,0,98,0,2.06896551724138e-002,0.303448275862069,0,0.675862068965517,91352,1,1232,1.86,,91352,1,3450,86,0.4669,91352,378333.333333333
94,91356,97,Tarzana,16.684,7.787,-5.558,3.719,13.858,0.257395231,0.308,0.359,69148,2.44,2.63,72.88,67.33,42.07,45.79,1094,1246,0.138939670932358,70690.6734,-2.1822870342,27407,29847,8.9,Yes,91356,146,7,153,1298058,1465988,4.79452054794521e-002,0.129370182226064,7.76996510131068e-002,6.91251620611363e-002,91356,1,0,0,21266,0.3997,14,0,0,14,0,0,0,0,1,0,0,,,,,,91356,2,65328,65.5,9.37,91356,556979.166666667
95,91364,108,Woodland Hills,13.332,3.252,-9.578,0.723,12.526,0.216495186,0.16,0.182,93919,2.46,2.54,80.12,70.54,51.54,52.26,1609,1810,0.124922311995028,109175.98478,-13.9746710879,25985,26975,3.8,Yes,91364,266,7,273,2008245,2138234,2.63157894736842e-002,0.06472766022074,3.74269509843108e-002,5.9961426938964e-002,91364,3,1,0.333333333333333,565623,12.5092,428,38,242,130,10,0,9.04761904761905e-002,0.576190476190476,0.30952380952381,2.38095238095238e-002,0,,,,,,91364,10,44051,68.1,2.417,91364,682958.333333333
96,91367,100,Woodland Hills,23.684,4.783,-11.086,7.211,19.038,0.254493646,0.182,0.226,77152,2.3,2.41,77.84,66.75,45.29,52.5,1475,1756,0.190508474576271,84350.38812,-8.53391226814,36106,42029,16.4,Yes,91367,72,4,76,1904717,1933124,5.55555555555556e-002,1.49140265981771e-002,-3.85025011175165e-002,9.26759690624179e-002,91367,9,4,0.444444444444444,2368757,49.4627,2121,32,948,823,91,0,1.68954593453009e-002,0.500527983104541,0.434530095036959,4.80464625131996e-002,0,,,,,,91367,3,61718,43,6.0382,91367,554604.166666667
97,91401,54,Valley Glen/Van Nuys/Sherman Oaks,-20.33,-1.449,1.305,5.463,27.971,0.366995549,1.248,0.994,48994,2.76,2.72,40.76,42.07,25.71,31.17,920,1177,0.279347826086957,48670.98231,0.663676126244,40372,40503,0.3,Yes,91401,244,13,257,1563466,1945707,5.32786885245902e-002,0.24448309077396,0.181532584236756,0.154429069912529,91401,25,6,0.24,438472,7.4182,361,4,19,101,60,35,1.82648401826484e-002,8.67579908675799e-002,0.461187214611872,0.273972602739726,0.159817351598174,91401,10,203071,8.9148,70.4,91401,6,81116,64.5,4.7086,91401,590125
98,91402,75,Panorama City,-28.188,2.66,-3.01,2.128,26.253,0.324217164,4.51,3.239,39009,3.76,3.86,11.62,8.61,14.2,16.32,843,1064,0.262158956109134,44674.52592,-12.6817818507,66241,70781,6.9,Yes,91402,147,7,154,2173951,2286870,4.76190476190476e-002,5.19418330955942e-002,4.12629522761256e-003,6.08989418626004e-002,91402,14,2,0.142857142857143,710289,8.4206,632,0,278,187,114,35,0,0.452768729641694,0.304560260586319,0.185667752442997,5.70032573289902e-002,91402,2,40996,1.1515,50,91402,2,22962,19,0.6534,91402,311291.666666667
99,91403,72,Encino/Sherman Oaks,6.351,5.556,-2.233,8.252,21.984,0.328417845,0.214,0.227,75334,1.98,2.09,77,74.76,50.89,59.15,1281,1563,0.220140515222482,73682.17292,2.24182731662,22079,24353,10.3,Yes,91403,149,2,151,1410339,1481667,1.34228187919463e-002,5.05750745033641e-002,3.66601728543129e-002,5.51436547074436e-002,91403,20,4,0.2,668333,9.7309,510,1,182,222,51,15,2.12314225053079e-003,0.386411889596603,0.471337579617834,0.10828025477707,3.18471337579618e-002,91403,2,52126,0.5745,47.5,91403,3,59457,52,5.9968,91403,776933.541666667
100,91405,62,Van Nuys,-26.01,4.531,2.723,4.063,24.876,0.352985865,3.634,2.688,38162,3.09,3.23,23.65,26.37,15.81,19.87,859,1073,0.249126891734575,40771.55389,-6.40042784987,51344,53406,4,Yes,91405,196,6,202,1965923,2011542,3.06122448979592e-002,2.32048762845747e-002,-7.18734776348197e-003,3.49894677997552e-002,91405,22,4,0.181818181818182,706191,10.4735,527,15,38,262,103,12,3.48837209302326e-002,8.83720930232558e-002,0.609302325581395,0.23953488372093,2.7906976744186e-002,91405,3,42722,3.1609,65.6666666666667,91405,6,52057,50.5,3.5181,91405,403878.041666667
101,91406,63,Van Nuys/Lake Balboa,-20.195,4.124,-3.317,3.986,21.051,0.350838641,1.485,1.185,50381,2.91,3.03,32.78,29.46,19.01,23,933,1130,0.211146838156484,51111.19906,-1.42864787645,50041,53528,7,Yes,91406,123,11,134,1102860,1288773,8.94308943089431e-002,0.168573527011588,7.26458494210847e-002,0.155875975649339,91406,21,2,9.52380952380952e-002,552371,7.8175,499,0,222,188,43,0,0,0.490066225165563,0.415011037527594,9.49227373068433e-002,0,91406,1,6516,0.5624,65,91406,5,12696,52.2,3.0874,91406,422545.833333333
102,91411,49,Van Nuys/Sherman Oaks,-17.436,-2.622,2.227,10.164,26.392,0.375914831,1.386,1.145,43758,2.67,2.6,33.74,35.97,20.77,30.94,917,1159,0.263904034896401,47107.86882,-7.11106000741,23641,24146,2.1,Yes,91411,110,7,117,1157853,1278009,6.36363636363636e-002,0.103774831520063,3.77370210872391e-002,0.120244692495045,91411,13,4,0.307692307692308,179761,3.4464,162,1,4,88,4,0,1.03092783505155e-002,4.12371134020619e-002,0.907216494845361,4.12371134020619e-002,0,91411,7,151506,3.3073,71.7142857142857,91411,1,8350,52,1.0984,91411,536125
103,91423,77,Sherman Oaks,11.167,8.122,-5.982,10.726,21.557,0.32303091,0.246,0.273,75671,1.97,2.13,76.49,70.51,46.06,56.79,1221,1484,0.215397215397215,72398.13774,4.52064426264,29370,32130,9.4,Yes,91423,208,6,214,2087351,2132281,2.88461538461538e-002,2.15248896807485e-002,-7.11599507665562e-003,1.38129342534035e-002,91423,19,5,0.263157894736842,634516,7.1302,423,0,72,231,102,1,0,0.177339901477833,0.568965517241379,0.251231527093596,2.46305418719212e-003,91423,8,130971,2.9531,66.375,91423,2,12900,71,0.634,91423,797100.416666667
104,91436,93,Encino,7.08,-1.569,-2.914,7.104,15.457,0.267151132,0.07,0.074,128060,2.55,2.51,87.23,84.32,56.77,63.87,1732,2000,0.15473441108545,141122.89004,-9.25639351369,13109,14563,11.1,Yes,91436,48,3,51,846473,879736,0.0625,3.92959964464313e-002,-2.18390621680649e-002,4.51464694190101e-002,91436,4,1,0.25,376834,6.7936,317,14,127,153,13,0,4.56026058631922e-002,0.413680781758958,0.498371335504886,4.23452768729642e-002,0,91436,1,16159,0.629,64,91436,4,46490,51.75,4.4659,91436,1197729.16666667
105,91504,88,Shadow Hills/Sun Valley,-11.579,0.749,-1.086,6.304,24.653,0.300411189,0.405,0.358,71296,2.67,2.69,55.02,53.93,30.53,36.83,1071,1335,0.246498599439776,76730.03801,-7.08202178825,25872,25544,-1.3,Yes,91504,69,12,81,450950,886886,0.173913043478261,0.966705843219869,0.675342014594703,0.65973637991111,91504,6,3,0.5,628768,9.7017,402,10,176,187,13,10,2.52525252525253e-002,0.444444444444444,0.472222222222222,3.28282828282828e-002,2.52525252525253e-002,,,,,,91504,3,16282,48.5,2.2441,91504,606000
106,91601,12,North Hollywood/Valley Village/Toluca Lake,-36.369,-6.024,5.214,13.077,37.175,0.525,1.905,1.212,47202,2.49,2.34,34.03,39.25,22.77,35.84,916,1256,0.37117903930131,43540.34067,8.40980863644,36616,38781,5.9,Yes,91601,382,10,392,1764062,1903917,2.61780104712042e-002,7.9280093330053e-002,5.17474378879597e-002,6.16291893466571e-002,91601,40,9,0.225,2796311,26.5285,2752,322,1134,959,166,12,0.124180485923641,0.437331276513691,0.369841881989973,6.40185113767836e-002,4.62784419591207e-003,91601,28,455086,11.2411,60.3333333333333,91601,4,29000,66,4.0364,91601,482583.333333333
107,91602,52,Toluca Lake/North Hollywood/Studio City,-27.25,6.593,-3.989,8.067,28.026,0.373418472,0.405,0.295,63544,1.82,1.94,69.59,65.6,45.83,53.89,1123,1438,0.280498664292075,65973.83753,-3.68303197293,16978,18315,7.9,Yes,91602,100,2,102,579965,618595,0.02,6.66074676920159e-002,4.56935957764862e-002,3.41539685971492e-002,91602,30,10,0.333333333333333,922812,11.726,701,0,156,334,98,0,0,0.26530612244898,0.568027210884354,0.166666666666667,0,91602,15,195467,7.7558,64.9333333333333,91602,4,19875,76,1.7742,91602,631666.666666667
108,91604,65,Studio City,9.47,7.407,-7.723,10.534,32.574,0.346344528,0.181,0.198,90528,1.89,2.03,81.42,73.69,50.51,61.05,1263,1675,0.326207442596991,82897.25623,9.20506192488,26137,29072,11.2,Yes,91604,301,5,306,2002225,2030480,1.66112956810631e-002,1.41118006218082e-002,-2.45865363671806e-003,1.58706773149213e-002,91604,29,10,0.344827586206897,1094719,12.5394,965,9,321,482,61,4,1.02622576966933e-002,0.366020524515393,0.549600912200684,6.95553021664766e-002,4.56100342075257e-003,91604,16,178835,6.0985,61.25,91604,1,3781,85,0.1965,91604,966416.708333333
109,91605,24,Sun Valley/Valley Glen/North Hollywood,-25.238,-4.065,4.123,5.677,31.483,0.433,3.503,2.619,43707,3.69,3.54,18.78,22.9,12.68,18.36,829,1090,0.314837153196622,44223.60136,-1.16815759937,57129,56060,-1.9,Yes,91605,195,7,202,1751161,1816027,3.58974358974359e-002,3.70417111847511e-002,1.10462218329923e-003,0.06535351304789,91605,31,7,0.225806451612903,659806,12.3878,651,12,222,181,113,32,2.14285714285714e-002,0.396428571428571,0.323214285714286,0.201785714285714,5.71428571428571e-002,91605,8,72389,5.4054,63.5714285714286,,,,,,91605,397000
110,91606,28,North Hollywood/Valley Glen,-28.378,-2.288,3.532,6.882,27.66,0.422,2.833,2.029,42195,3.06,2.99,29.54,33.07,14.76,21.65,881,1125,0.276958002270148,43725.93462,-3.50120502467,45348,45467,0.3,Yes,91606,241,4,245,2337870,2397468,1.6597510373444e-002,2.54924354219867e-002,8.74970178244409e-003,2.19736852595465e-002,91606,10,4,0.4,353661,4.2715,280,0,138,75,27,0,0,0.575,0.3125,0.1125,0,91606,3,10562,1.0405,70,91606,2,10248,43,1.4058,91606,426375
111,91607,61,Valley Village/Valley Glen,-8.984,3.318,-3.076,9.229,27.167,0.356460377,0.567,0.516,52274,2.11,2.18,64.72,61.64,35.56,44.78,1005,1278,0.271641791044776,55767.54505,-6.26447703027,27439,29591,7.8,Yes,91607,99,3,102,634050,646076,3.03030303030303e-002,1.89669584417633e-002,-1.10026579829946e-002,2.73683854296343e-002,91607,23,5,0.217391304347826,1241713,16.6323,996,0,21,787,93,4,0,2.32044198895028e-002,0.869613259668508,0.102762430939227,4.41988950276243e-003,91607,10,142745,5.3012,64.8,91607,1,2288,84,0.14,91607,669282.208333333
